Lambert,lmallalieu0@ftc.gov,Male
Ulrike,uiacoviello1@lulu.com,Female
Carroll,clednor2@joomla.org,Male
Brittan,bbownas3@google.co.jp,Female
Shawn,sharbidge4@yahoo.com,Male
Sayre,sboston5@arstechnica.com,Male
Cara,cschiefersten6@scientificamerican.com,Female
Leslie,lpunt7@webeden.co.uk,Female
Sigfrid,sdewire8@instagram.com,Male
Hoebart,hallcoat9@deliciousdays.com,Male
Aldus,aarnolda@ameblo.jp,Male
Corny,clangeleyb@google.pl,Female
Ivory,imenaultc@nationalgeographic.com,Female
Romain,rmatthaid@goo.ne.jp,Male
Silas,sshetliffe@ning.com,Male
Evangelin,edowngatef@istockphoto.com,Female
Jaime,jsouthworthg@wsj.com,Male
Jeannine,jcockmanh@springer.com,Female
Carlita,csoreyi@reference.com,Female
Jobye,jcrownshawj@bloglines.com,Female
Dorey,dargravek@soundcloud.com,Male
Rici,rbernardtl@nymag.com,Female
Mathias,mbrassem@cdbaby.com,Male
Therine,tgilbertsonn@wired.com,Female
Cash,cconnaro@barnesandnoble.com,Male
Daisy,ddexterp@feedburner.com,Female
Erinna,erubertiq@youku.com,Female
Shell,schalonerr@auda.org.au,Male
Walther,wphalips@canalblog.com,Male
Culver,cbinnallt@ocn.ne.jp,Male
Clemmy,cmccannu@nasa.gov,Female
Kyrstin,kslanyv@dagondesign.com,Female
Rochester,rwhittockw@multiply.com,Male
Antonia,amassotx@delicious.com,Female
Gerick,gmcgloiny@edublogs.org,Male
Axe,abrightz@discovery.com,Male
Frazier,ffurness10@ameblo.jp,Male
Melamie,maisthorpe11@sitemeter.com,Female
Ellis,etrevna12@vinaora.com,Male
Demetri,dmcfall13@intel.com,Male
Wolfgang,wbenzing14@npr.org,Male
Jodi,jbuttgow15@baidu.com,Female
Elga,ebuttel16@nps.gov,Female
Erasmus,ebricksey17@cargocollective.com,Male
Christie,cbeaudry18@gravatar.com,Female
Ileane,ialdhouse19@so-net.ne.jp,Female
Sanderson,smaroney1a@google.com.hk,Male
Jobie,jfulford1b@usnews.com,Female
Violette,vfinkle1c@instagram.com,Female
Nadean,nvasilmanov1d@mac.com,Female
Billie,bmuffin1e@nationalgeographic.com,Female
Mal,mschmidt1f@gmpg.org,Male
Osgood,obrowncey1g@cnn.com,Male
Kalina,kthayre1h@hubpages.com,Female
Mata,mlum1i@topsy.com,Male
Reinaldo,rtinson1j@unc.edu,Male
Anet,adubois1k@washington.edu,Female
Amos,ascrine1l@google.co.uk,Male
Mariam,mscullard1m@sourceforge.net,Female
Barrett,bhub1n@cocolog-nifty.com,Male
Gilemette,gsmeaton1o@cisco.com,Female
Benedetto,bwebley1p@stumbleupon.com,Male
Haydon,hmcgifford1q@imageshack.us,Male
Hamilton,hhopkynson1r@wordpress.org,Male
Issy,idowsing1s@github.com,Female
Vevay,vjatczak1t@cnbc.com,Female
Eddi,etabourel1u@timesonline.co.uk,Female
Colas,ccluelow1v@foxnews.com,Male
Tedi,trudolf1w@seattletimes.com,Female
Sax,sbroady1x@mapy.cz,Male
Billy,bsmail1y@sbwire.com,Male
Collen,cjancik1z@weibo.com,Female
Rafferty,rskaid20@posterous.com,Male
Celle,cnott21@vistaprint.com,Female
Bernice,bhulburd22@eepurl.com,Female
Lucky,lcinelli23@e-recht24.de,Female
Cristiano,cpoley24@ucla.edu,Male
Dicky,dwellsman25@privacy.gov.au,Male
Anatol,acanto26@yahoo.com,Male
Giacinta,ghassent27@printfriendly.com,Female
Aluin,apatria28@mapy.cz,Male
Alla,agoundsy29@g.co,Female
Hamel,hocullinane2a@amazon.co.jp,Male
Giulietta,glade2b@irs.gov,Female
Ardelia,awalsh2c@cmu.edu,Female
Cindie,cfollett2d@skyrock.com,Female
Douglas,dfreear2e@cloudflare.com,Male
Arte,atebboth2f@newsvine.com,Male
Chas,cgergolet2g@tiny.cc,Male
Nicko,nhowcroft2h@blogspot.com,Male
Cherye,ckimblen2i@webeden.co.uk,Female
Emmy,ekliemke2j@gravatar.com,Female
Jorrie,jbartczak2k@about.com,Female
Mia,mohlsen2l@goo.ne.jp,Female
Cari,csedgemond2m@merriam-webster.com,Female
Krysta,kpinkerton2n@umich.edu,Female
Sherline,sbullus2o@msn.com,Female
Dante,dulyat2p@github.io,Male
Flem,fgronaver2q@mtv.com,Male
Lyndsay,lvasyushkhin2r@hubpages.com,Female
Dill,dbaildon2s@twitpic.com,Male
Tracie,tboor2t@cargocollective.com,Female
Emory,eadderson2u@narod.ru,Male
Sibby,slittefair2v@slashdot.org,Female
Charlotte,ccaswall2w@jugem.jp,Female
Babs,bstoll2x@sciencedaily.com,Female
Di,dcowlishaw2y@shinystat.com,Female
Quintus,qzielinski2z@npr.org,Male
Paulie,ppavese30@geocities.com,Female
Zacharie,zkirsop31@seesaa.net,Male
Art,anormant32@imgur.com,Male
Brandy,bleyban33@123-reg.co.uk,Female
Chelsae,cstenner34@vistaprint.com,Female
Rachael,rsharrem35@technorati.com,Female
Bran,bcullum36@omniture.com,Male
Robbie,rhulk37@walmart.com,Male
Ward,wwignall38@unc.edu,Male
Fionna,fklaus39@google.com,Female
Lana,lschollick3a@yolasite.com,Female
Shana,sroma3b@scientificamerican.com,Female
Lea,lskirvin3c@businesswire.com,Female
Alphonso,astiff3d@ezinearticles.com,Male
Marsiella,murien3e@telegraph.co.uk,Female
Julian,jsutheran3f@ucoz.com,Male
Rahel,rcrush3g@washington.edu,Female
Lyell,lrohlf3h@live.com,Male
Alan,acolpus3i@reuters.com,Male
Laurent,lgreenlees3j@jimdo.com,Male
Nealson,neymer3k@forbes.com,Male
Florian,farchbell3l@cbslocal.com,Male
Giles,ghessenthaler3m@cafepress.com,Male
Kelsi,kmanby3n@last.fm,Female
Laverne,lrenyard3o@google.ru,Female
Kaleb,kdegiorgio3p@networksolutions.com,Male
Evaleen,epiquard3q@merriam-webster.com,Female
Nissie,ndonat3r@pbs.org,Female
Corney,cpaoletto3s@squarespace.com,Male
Vonni,vrobke3t@sun.com,Female
Amelina,aoxby3u@booking.com,Female
Petronille,ptilliard3v@t.co,Female
Irwinn,iwindibank3w@google.co.uk,Male
Brigitte,bdederich3x@cocolog-nifty.com,Female
Kahlil,kpaunsford3y@craigslist.org,Male
Flossi,fmaslin3z@loc.gov,Female
Clarance,cdossettor40@google.it,Male
Marnie,mminkin41@about.me,Female
Mara,mgush42@columbia.edu,Female
Waneta,wwilkisson43@java.com,Female
Codee,cturfrey44@geocities.jp,Female
Maryl,mtooze45@godaddy.com,Female
Dian,dreece46@histats.com,Female
Dallas,dbuddington47@instagram.com,Male
Aile,abovis48@tinypic.com,Female
Riane,remsley49@constantcontact.com,Female
Kristofer,kvaneev4a@bluehost.com,Male
Fredek,fgadesby4b@mail.ru,Male
Nathaniel,nbelamy4c@hugedomains.com,Male
Mickie,mkarel4d@technorati.com,Male
Odell,oabernethy4e@symantec.com,Male
Allen,agowlett4f@angelfire.com,Male
Denver,dvettore4g@jugem.jp,Male
Sim,spettman4h@infoseek.co.jp,Male
Naoma,ninde4i@disqus.com,Female
Maia,mstradling4j@earthlink.net,Female
Lothaire,lchadwin4k@arstechnica.com,Male
Flint,ftackell4l@ehow.com,Male
Salem,sslowly4m@yale.edu,Male
Terry,tjerome4n@purevolume.com,Male
Demetrius,dfeatherstonhaugh4o@cargocollective.com,Male
Aleta,astrephan4p@sakura.ne.jp,Female
Stacia,stween4q@wired.com,Female
Carmelia,cmowles4r@uiuc.edu,Female
Adriano,asnedker4s@cdbaby.com,Male
Wilie,worris4t@reuters.com,Female
Minette,macedo4u@exblog.jp,Female
Ash,agoldson4v@shop-pro.jp,Male
Elisha,epelos4w@wunderground.com,Female
Ross,rrenbold4x@cbsnews.com,Male
Dun,dbedo4y@guardian.co.uk,Male
Barnaby,brumbold4z@e-recht24.de,Male
Stanley,spottery50@i2i.jp,Male
Richardo,rphythean51@typepad.com,Male
Jenna,jodoherty52@github.io,Female
Jorge,jguslon53@amazon.com,Male
Hammad,hsingleton54@elegantthemes.com,Male
Meghan,mpillinger55@illinois.edu,Female
Kirby,kmckinnell56@rediff.com,Male
Dore,dlochran57@amazon.co.jp,Male
Othello,ogarmons58@cornell.edu,Male
Phaedra,psantino59@trellian.com,Female
Fiona,fpeidro5a@indiegogo.com,Female
Bernita,bgimlet5b@uol.com.br,Female
Corny,carmell5c@com.com,Female
Jereme,jpollicote5d@multiply.com,Male
Gerri,gcornborough5e@google.ca,Male
Garold,gshinefield5f@ning.com,Male
Ophelia,ostanistrete5g@slate.com,Female
Gerti,gdeighton5h@nyu.edu,Female
Karin,kdron5i@eepurl.com,Female
Gavin,gveracruysse5j@earthlink.net,Male
Heidie,hbeddall5k@whitehouse.gov,Female
Loren,lszabo5l@acquirethisname.com,Male
Herve,hcissen5m@army.mil,Male
Maryjane,mcattermull5n@bluehost.com,Female
Dorri,dpariss5o@seattletimes.com,Female
Annelise,aolivera5p@studiopress.com,Female
Nady,ncaldron5q@macromedia.com,Female
Doyle,dlarmor5r@soup.io,Male
Carlen,clownds5s@delicious.com,Female
Hakim,hsnozzwell5t@squidoo.com,Male
Justino,jlosseljong5u@ftc.gov,Male
Aigneis,amuttitt5v@weebly.com,Female
Eydie,elindenfeld5w@vinaora.com,Female
Freeman,fbockett5x@sitemeter.com,Male
Marion,mpochin5y@usnews.com,Male
Pyotr,pfideler5z@columbia.edu,Male
Amber,apautot60@123-reg.co.uk,Female
Atlante,aschapiro61@merriam-webster.com,Female
Gage,genden62@google.de,Male
Ernesto,erizziello63@cmu.edu,Male
Ewart,elogue64@bluehost.com,Male
Arnold,acauthra65@e-recht24.de,Male
Tallulah,tdimnage66@surveymonkey.com,Female
Win,wsharphouse67@timesonline.co.uk,Male
Dionisio,dhatry68@un.org,Male
Rik,rdegowe69@vistaprint.com,Male
Wilhelmine,wpettko6a@webnode.com,Female
Ky,kfairham6b@bizjournals.com,Male
Lorrayne,lpugh6c@fema.gov,Female
Enrica,emcgruar6d@github.io,Female
Elizabet,eschriren6e@examiner.com,Female
Hilliary,hhawkswood6f@nymag.com,Female
Clair,ceringey6g@mapy.cz,Male
Christan,cprovis6h@cam.ac.uk,Female
Kettie,kferreli6i@sohu.com,Female
Rosalinda,rketley6j@sina.com.cn,Female
Fielding,fdedomenico6k@yelp.com,Male
Archy,akall6l@topsy.com,Male
Germayne,gtamas6m@nih.gov,Male
Renelle,rolivet6n@ca.gov,Female
Rebekah,rmacneely6o@google.it,Female
Shannon,smccoid6p@usnews.com,Male
Christoper,cmahody6q@paypal.com,Male
Duff,dcornejo6r@csmonitor.com,Male
Elinor,ecoenraets6s@google.nl,Female
Karol,kscanlan6t@webs.com,Female
Erastus,ebrevitt6u@edublogs.org,Male
Junia,jferrari6v@netscape.com,Female
Meredith,mwhanstall6w@facebook.com,Male
Mickie,mmorman6x@hud.gov,Female
Tonie,tsuett6y@google.com.au,Female
Tate,trudsdale6z@webnode.com,Male
Aurthur,apeepall70@yandex.ru,Male
Webster,wcolenutt71@washingtonpost.com,Male
Selie,smurton72@telegraph.co.uk,Female
Leanna,liddison73@pbs.org,Female
Valle,vvalentinuzzi74@arizona.edu,Male
Cammi,cmadelin75@multiply.com,Female
Carline,cmoyer76@msu.edu,Female
Mag,mwarner77@creativecommons.org,Female
Skip,savrahm78@creativecommons.org,Male
Gussi,gfrunks79@studiopress.com,Female
Analise,aeuels7a@list-manage.com,Female
Hillard,hbourke7b@youtu.be,Male
Buck,bscadding7c@hibu.com,Male
Karisa,kklausen7d@uol.com.br,Female
Gregory,gbeales7e@etsy.com,Male
Wendie,welen7f@sohu.com,Female
Linnie,lwebber7g@bloglines.com,Female
Loralie,lyosevitz7h@usgs.gov,Female
King,kpardew7i@ted.com,Male
Delphine,dmarcam7j@netlog.com,Female
Kerrie,kdowne7k@wordpress.com,Female
Wendye,wlipscombe7l@gravatar.com,Female
Byrle,bvassman7m@reference.com,Male
Alonzo,aaxelby7n@ow.ly,Male
Giacinta,gsugar7o@chronoengine.com,Female
Darb,dgrimm7p@cafepress.com,Male
Randi,rlodford7q@tiny.cc,Male
Pegeen,pduggleby7r@about.me,Female
Freemon,fogleasane7s@soup.io,Male
Sondra,sturmall7t@amazon.de,Female
Burk,bcooksley7u@fc2.com,Male
Kirby,klawlee7v@facebook.com,Male
Roxie,rdarter7w@ucoz.ru,Female
Natasha,ntrewhella7x@nba.com,Female
Shane,saugustin7y@artisteer.com,Female
Sandy,sdelaney7z@bbb.org,Female
Sunshine,sdury80@moonfruit.com,Female
Seline,scrickmore81@home.pl,Female
Sophie,sloadwick82@networksolutions.com,Female
Drusy,dfalvey83@nytimes.com,Female
Tiffy,tdaysh84@businesswire.com,Female
Stanfield,sbeccera85@intel.com,Male
Michele,mleary86@gizmodo.com,Male
Kelvin,kledger87@usgs.gov,Male
Ashlin,aplayford88@marriott.com,Male
Adolphus,adominique89@macromedia.com,Male
Zerk,zabrahamsen8a@rakuten.co.jp,Male
Berthe,bellicombe8b@reverbnation.com,Female
Adele,ariby8c@mit.edu,Female
Rex,rchirm8d@moonfruit.com,Male
Fionnula,fsalvadori8e@cdbaby.com,Female
Bradney,btamlett8f@xinhuanet.com,Male
Codi,clandeg8g@123-reg.co.uk,Male
Viv,vkemmey8h@cargocollective.com,Female
Rog,rwebbbowen8i@unesco.org,Male
Stacee,sclineck8j@multiply.com,Female
Amalita,adolligon8k@seesaa.net,Female
Hansiain,hpesic8l@yahoo.co.jp,Male
Buddie,bmithun8m@amazonaws.com,Male
Riley,rlyngsted8n@cbc.ca,Male
Bamby,bwabey8o@artisteer.com,Female
Katherine,kknappe8p@nasa.gov,Female
Kris,kfaichnie8q@gmpg.org,Male
Valida,vciubutaro8r@php.net,Female
Clarance,cjumont8s@wikimedia.org,Male
Krisha,kmccorkell8t@yandex.ru,Male
Jonathan,jflorez8u@ed.gov,Male
Danie,dshivlin8v@weibo.com,Male
Broderick,bcannan8w@weather.com,Male
Stacie,shaysman8x@jiathis.com,Female
Waverly,wboardman8y@bluehost.com,Male
Vasili,vclulow8z@tamu.edu,Male
Chantalle,cmacelane90@nih.gov,Female
Ayn,ahawthorn91@ihg.com,Female
Melina,mleetham92@nba.com,Female
Berkley,bsheehan93@elegantthemes.com,Male
Claudie,chickenbottom94@arstechnica.com,Female
Corbet,cgregori95@cyberchimps.com,Male
Cyril,cgutowska96@upenn.edu,Male
Susi,scrennell97@discovery.com,Female
Charles,cvynoll98@paginegialle.it,Male
Brittan,bwoolrich99@usatoday.com,Female
Demott,dbrambell9a@spiegel.de,Male
Torr,tgarvie9b@google.ca,Male
Joanne,jroskell9c@issuu.com,Female
Roland,rprigg9d@thetimes.co.uk,Male
Tanhya,tpowling9e@opera.com,Female
Vaughan,vebanks9f@loc.gov,Male
Hercule,hgleed9g@wisc.edu,Male
Leeanne,lingall9h@loc.gov,Female
Olenka,otorricina9i@cnbc.com,Female
Lelah,lcarnegie9j@eepurl.com,Female
Bella,bredd9k@multiply.com,Female
Annemarie,ahalliburton9l@tinypic.com,Female
Prescott,pgowing9m@friendfeed.com,Male
Poul,parkcoll9n@sourceforge.net,Male
Rodolphe,rodornan9o@oakley.com,Male
Demetri,dvandenoord9p@wisc.edu,Male
Kelly,ktremolieres9q@wiley.com,Male
Mitch,mgoodlake9r@blinklist.com,Male
Lorilyn,lcalverd9s@example.com,Female
Graehme,gmusprat9t@ameblo.jp,Male
Barbette,bmitchiner9u@globo.com,Female
Daren,djerromes9v@patch.com,Male
Katie,kpeppett9w@macromedia.com,Female
Annie,akubicek9x@moonfruit.com,Female
Therese,toverel9y@opensource.org,Female
Renard,rrowntree9z@archive.org,Male
Rhona,rbaldacchia0@cargocollective.com,Female
Morie,mskitrala1@jugem.jp,Male
David,dconnichiea2@cpanel.net,Male
Agata,awinsomea3@51.la,Female
Erin,eshawleya4@icq.com,Female
Gray,gbellwooda5@springer.com,Female
Viv,vlorentea6@geocities.com,Female
Karoline,kklasinga7@baidu.com,Female
Kendre,ksmithsona8@tamu.edu,Female
Thadeus,touldreda9@delicious.com,Male
Nealy,nbenaa@people.com.cn,Male
Ardra,athatchamab@t.co,Female
Fax,fhallasac@mit.edu,Male
Shermie,svoelkerad@scientificamerican.com,Male
Carney,cbausae@psu.edu,Male
Jed,jcadmanaf@so-net.ne.jp,Male
Nick,nmalickiag@bigcartel.com,Male
Kaile,kdunsmuirah@sogou.com,Female
Shantee,solorenshawai@jugem.jp,Female
Rhianon,rtripetaj@noaa.gov,Female
Duffie,dferschkeak@ox.ac.uk,Male
Lissi,ljonsonal@yolasite.com,Female
Yorgo,yatwateram@who.int,Male
Fiona,fdegnenan@tamu.edu,Female
Micheal,mdanielssonao@paypal.com,Male
Morgan,mpookeap@tamu.edu,Male
Sheridan,sfearneyaq@quantcast.com,Male
Alayne,agluyusar@trellian.com,Female
Claresta,cwoganas@earthlink.net,Female
Charis,cgrishakovat@webs.com,Female
Lucita,ltretterau@networkadvertising.org,Female
Leda,lvedeneevav@msu.edu,Female
Ricca,roreillyaw@constantcontact.com,Female
Monica,mbankhurstax@nymag.com,Female
Mame,mbavisteray@fema.gov,Female
Amberly,achyuertonaz@tumblr.com,Female
Cordelia,cgalbrethb0@cargocollective.com,Female
Stephani,syorstonb1@amazon.co.jp,Female
Charla,csimkovichb2@ustream.tv,Female
Torey,tohanessianb3@squidoo.com,Male
Justine,jdarrigrandb4@techcrunch.com,Female
Sherri,scomizzolib5@hao123.com,Female
Sophronia,spumfreyb6@bbc.co.uk,Female
Giraud,grobbertb7@naver.com,Male
Antonina,aprestidgeb8@cloudflare.com,Female
Egbert,enowickb9@theglobeandmail.com,Male
Bebe,bllorensba@posterous.com,Female
Amanda,atennisonbb@sfgate.com,Female
Griswold,gbuftonbc@virginia.edu,Male
Rolf,rcovottibd@google.ca,Male
Sky,sselwynbe@admin.ch,Male
Denny,ddomaschkebf@liveinternet.ru,Female
Rozina,rbloxsumbg@xrea.com,Female
Mareah,mardernebh@pbs.org,Female
Nicola,nateggartbi@cbsnews.com,Female
Cornall,chubbocksbj@upenn.edu,Male
Clarissa,ccarillobk@chron.com,Female
Dillie,dmcphelimeybl@booking.com,Male
Patrice,pmilletonbm@geocities.com,Female
Rodolfo,rdavidovicibn@blogspot.com,Male
Mel,mmeashambo@howstuffworks.com,Male
Rockey,reatockbp@geocities.jp,Male
Timofei,twardropebq@freewebs.com,Male
Gianna,ggavrielbr@bluehost.com,Female
Kenneth,kmaccartneybs@technorati.com,Male
Jean,jgodsilbt@flavors.me,Male
Erastus,enatwickbu@pagesperso-orange.fr,Male
Reube,rmcgilbonbv@delicious.com,Male
Flin,fwrightambw@deliciousdays.com,Male
Maryanne,mrubibx@rakuten.co.jp,Female
Rebeca,rwakerleyby@upenn.edu,Female
Ellen,ejacobsohnbz@senate.gov,Female
Marge,mdarnboroughc0@oracle.com,Female
Aurora,adifranceschic1@i2i.jp,Female
Terra,tbasindalec2@wikipedia.org,Female
Taryn,tdubberc3@go.com,Female
Hymie,hsydallc4@smh.com.au,Male
Corty,cpitherickc5@diigo.com,Male
Janette,jrojac6@shareasale.com,Female
Eleonore,eblumc7@cargocollective.com,Female
Thomasa,twarryc8@qq.com,Female
Nora,nelcottc9@about.com,Female
Johannes,jhacklyca@sitemeter.com,Male
Cherilynn,ctorelcb@independent.co.uk,Female
Aubry,agantzcc@ebay.com,Female
Mikkel,mabbaticd@home.pl,Male
Amii,alabramce@bbc.co.uk,Female
Jerad,jmaylingcf@blog.com,Male
Claudian,cmewhirtercg@ask.com,Male
Cheston,charkerch@npr.org,Male
Rhodie,rbrittanci@yale.edu,Female
Lorna,ljackescj@bbb.org,Female
Jarrod,jmcquadeck@aol.com,Male
Layton,lblouetcl@google.ru,Male
Olimpia,oklempkecm@miitbeian.gov.cn,Female
Tonye,tabbisscn@exblog.jp,Female
Angie,asolanoco@businessweek.com,Male
Carolus,csawkincp@tuttocitta.it,Male
Doloritas,dcattrellcq@tripod.com,Female
Artus,aduchasteaucr@networksolutions.com,Male
Valry,vjessencs@springer.com,Female
Sandye,smcilheranct@prlog.org,Female
Yorgos,ybyascu@google.it,Male
Michelina,mwaylandcv@ebay.com,Female
Decca,dpawdencw@jigsy.com,Male
Glennis,gpowtercx@cbsnews.com,Female
Giovanni,glafoycy@yahoo.co.jp,Male
Nessy,nqusklaycz@wikia.com,Female
Gris,gcrawcourd0@photobucket.com,Male
Constanta,cstapyltond1@cafepress.com,Female
Carroll,cbotwoodd2@accuweather.com,Male
Gertie,gmcilwaind3@netscape.com,Female
Shelden,swebbbowend4@skyrock.com,Male
Ellswerth,edelloydd5@biblegateway.com,Male
Frederic,fyurenind6@chicagotribune.com,Male
Tallia,tanthoind7@123-reg.co.uk,Female
Prisca,pguiderad8@flickr.com,Female
Alena,alemarchandd9@unesco.org,Female
Rainer,rflavertyda@4shared.com,Male
Laural,lmckombdb@hc360.com,Female
Dietrich,dschoulardc@drupal.org,Male
Coralie,csharnockdd@hao123.com,Female
Carlita,cvanderbeekde@bravesites.com,Female
Adam,ayoselevitchdf@odnoklassniki.ru,Male
Morganica,mwealldg@istockphoto.com,Female
Tanney,tbedhamdh@ed.gov,Male
Hollyanne,hcahendi@wp.com,Female
Lowe,lsatterthwaitedj@google.co.uk,Male
Mickie,mbarwisdk@miibeian.gov.cn,Male
Dugald,djanuszewskidl@freewebs.com,Male
Haskell,hserledm@list-manage.com,Male
Guy,gwilsteaddn@deliciousdays.com,Male
Essy,eburbidgedo@nasa.gov,Female
Harwell,hmatthaidp@php.net,Male
Chrissy,cvoyseydq@csmonitor.com,Male
Darb,dfirbydr@huffingtonpost.com,Male
Tamqrah,tlouisds@wix.com,Female
Leland,ltrundelldt@wisc.edu,Male
Kile,kwildberdu@netlog.com,Male
Gus,glarderotdv@census.gov,Male
Kaitlin,kgrassdw@drupal.org,Female
Billy,bizakovdx@wikipedia.org,Female
Kippy,kcallamdy@gizmodo.com,Male
Ashli,ademattiadz@businesswire.com,Female
Rachel,rmarre0@geocities.jp,Female
Marcelline,mmontacutee1@ftc.gov,Female
Rosemaria,rjakoviljevice2@uol.com.br,Female
Melba,mfolgere3@ebay.com,Female
Avram,adunabiee4@indiatimes.com,Male
Tonia,tpinsente5@alibaba.com,Female
Emilia,eruddlee6@netvibes.com,Female
Rudd,ritschakove7@pcworld.com,Male
Merv,mkiddlee8@google.nl,Male
Conrade,colivettae9@cdc.gov,Male
Leta,lpepisea@house.gov,Female
Romonda,rpresideyeb@youku.com,Female
Seamus,swildeyec@tiny.cc,Male
Yolanda,ydeignaned@plala.or.jp,Female
Benedick,bsoroee@github.com,Male
Tris,tballingef@baidu.com,Male
Iggie,ileverentzeg@tinyurl.com,Male
Ki,kmckaineh@samsung.com,Female
Georgianne,gmowatei@wufoo.com,Female
Gretna,gwhaymandej@youku.com,Female
Knox,kodooghaineek@360.cn,Male
Gary,gscowenel@dot.gov,Male
Lawton,lfedoronkoem@deliciousdays.com,Male
Inness,ihucken@apple.com,Male
Andris,apenritteo@1688.com,Male
Alexandr,amckechnieep@fotki.com,Male
Celeste,ccraykereq@bloglovin.com,Female
Mannie,mlowndser@slate.com,Male
Catina,cpetres@howstuffworks.com,Female
Lizette,lserminet@ehow.com,Female
Erina,ebythewayeu@exblog.jp,Female
Georgena,gzamudioev@japanpost.jp,Female
Alys,aohrtmannew@nsw.gov.au,Female
Godfrey,gfairweatherex@amazon.co.jp,Male
Peyton,pcarbineey@comcast.net,Male
Corrinne,crockcliffeez@wired.com,Female
Sal,sfeeneyf0@hugedomains.com,Female
Edwina,ehousdenf1@rambler.ru,Female
Violetta,vlardnerf2@timesonline.co.uk,Female
Salmon,sliverseegef3@imdb.com,Male
Antonino,amcgahyf4@tinypic.com,Male
Donia,dbramwellf5@cmu.edu,Female
Alis,ashemwellf6@theglobeandmail.com,Female
Hyacintha,hrowettf7@edublogs.org,Female
Faythe,fhamertonf8@dot.gov,Female
Cristy,cwaytf9@gravatar.com,Female
Lou,lgarawayfa@free.fr,Male
Bibby,bpuckettfb@google.co.uk,Female
Brandais,bmozzinifc@nytimes.com,Female
Rebecka,rtheobaldfd@webs.com,Female
Herrick,hmarcamfe@mayoclinic.com,Male
Cosette,creynaff@woothemes.com,Female
Evered,ejackettsfg@simplemachines.org,Male
Barret,btudhopefh@time.com,Male
Ingeberg,icleyburnfi@youtube.com,Female
Walden,wmacadiefj@artisteer.com,Male
Sawyere,sgrowcockfk@domainmarket.com,Male
Merna,msoftleyfl@tumblr.com,Female
Chiquia,cmckeranfm@hc360.com,Female
Basilio,bgardnerfn@bbb.org,Male
Wolf,wphillerfo@pinterest.com,Male
Pierce,pcruddacefp@goodreads.com,Male
Sloan,sbuddenfq@twitpic.com,Male
Reeta,rgonnelfr@wikia.com,Female
Karlyn,kmanntschkefs@tumblr.com,Female
Rhodia,rstorrieft@chronoengine.com,Female
Jabez,jkimblyfu@wsj.com,Male
Tome,theisfv@seesaa.net,Male
Sutton,syakuninfw@twitter.com,Male
Benedicto,bkyteleyfx@usatoday.com,Male
Zebedee,zdeverillefy@barnesandnoble.com,Male
Aigneis,asimmancefz@google.com.au,Female
Horace,hlyptrattg0@nationalgeographic.com,Male
Falkner,faingelg1@harvard.edu,Male
Nollie,nmarving2@indiegogo.com,Male
Jere,jrollg3@si.edu,Male
Perle,ptebbetg4@angelfire.com,Female
Parsifal,pweblandg5@businessinsider.com,Male
Ariella,akinderg6@hugedomains.com,Female
Chevy,cmattheisseng7@google.pl,Male
Pavel,paldertong8@wikipedia.org,Male
Haroun,hmeatcherg9@360.cn,Male
Gerianna,gelderga@soundcloud.com,Female
Vic,vfulchergb@liveinternet.ru,Male
Bartholomew,bgammidgegc@economist.com,Male
Gerrilee,gdrewesgd@ft.com,Female
Louella,lterrenge@baidu.com,Female
Blanche,bscoynegf@delicious.com,Female
Nanni,nyugg@admin.ch,Female
Lennie,lbondargh@salon.com,Male
Coleman,cmerryfieldgi@studiopress.com,Male
Raynard,rsansomegj@uiuc.edu,Male
Jamesy,jwisniowskigk@sakura.ne.jp,Male
Latrena,lkubiakgl@flavors.me,Female
Linnet,lscanesgm@delicious.com,Female
Giorgi,ggirardonign@newsvine.com,Male
Shurlock,smichieligo@4shared.com,Male
Ursala,udelahuntgp@mozilla.com,Female
Bron,bneylongq@drupal.org,Male
Adoree,ajuliffgr@msu.edu,Female
Frederico,fyakutings@addtoany.com,Male
Siana,sprickettgt@biglobe.ne.jp,Female
Walker,wschleichergu@bloglovin.com,Male
Hyacinth,hshapcottgv@google.com.hk,Female
Wilfrid,wallcockgw@google.nl,Male
Cooper,ckeatgx@google.es,Male
Wye,wclissellgy@slideshare.net,Male
Goddard,gandricgz@deliciousdays.com,Male
Moll,mdronsfieldh0@newyorker.com,Female
Adriane,aburnyateh1@washington.edu,Female
Ade,asyvreth2@zimbio.com,Male
Arne,aquerreeh3@parallels.com,Male
Malvin,mdeareh4@cargocollective.com,Male
Fin,fgurlingh5@craigslist.org,Male
Gottfried,gcraikh6@npr.org,Male
Koren,kgiacobinih7@yahoo.com,Female
Harald,hwooldridgeh8@answers.com,Male
Fergus,fotterwellh9@google.co.uk,Male
Tynan,tmarkwickha@godaddy.com,Male
Silvan,sitzikhb@google.ru,Male
Lorianna,lwinridgehc@who.int,Female
Beltran,bkinnyhd@privacy.gov.au,Male
Rodie,rlittlechildhe@123-reg.co.uk,Female
Gilly,gdelasallehf@moonfruit.com,Female
Langston,lsherwinhg@oaic.gov.au,Male
Martina,mscullardhh@exblog.jp,Female
Ekaterina,epillerhi@ask.com,Female
Carmelina,clezemerehj@businessinsider.com,Female
Chauncey,csmootehk@yolasite.com,Male
Esme,ebarbierhl@upenn.edu,Male
Levey,llempelhm@smugmug.com,Male
Dari,dbruckenthn@biblegateway.com,Female
Glad,gaudsleyho@behance.net,Female
Analiese,amattiellohp@zimbio.com,Female
Shanon,sbasindalehq@go.com,Female
Jolie,jtrevershhr@histats.com,Female
Rodrick,rrotgehs@last.fm,Male
Tris,trismanht@usatoday.com,Male
Monte,mlopezhu@arstechnica.com,Male
Bealle,bbyfieldhv@tumblr.com,Male
Keslie,kussherhw@1und1.de,Female
Estele,ecaldicotthx@mit.edu,Female
Anna-diane,afiggshy@exblog.jp,Female
Lona,lpiddlehintonhz@boston.com,Female
Heinrik,hscotfurthi0@cnet.com,Male
Leeland,lgoodrichi1@etsy.com,Male
Yank,yswyndleyi2@disqus.com,Male
Munmro,mdobbinsoni3@godaddy.com,Male
Kalila,kpionteri4@gravatar.com,Female
Worthy,wvaili5@google.ru,Male
Way,wcatheli6@opera.com,Male
Lothaire,ldummigani7@eepurl.com,Male
Mile,mfisbburnei8@com.com,Male
Roy,rstutti9@soundcloud.com,Male
Harry,hmatfieldia@fda.gov,Male
Tomlin,trosenfruchtib@1und1.de,Male
Gael,gdurringtonic@so-net.ne.jp,Male
Harriette,hgittinsid@lulu.com,Female
Obidiah,odustingie@mtv.com,Male
Harwell,hchastanif@pinterest.com,Male
Thibaud,tstowteig@addtoany.com,Male
Theresita,tangelih@unc.edu,Female
Breena,bkeeneii@narod.ru,Female
Silvie,spratteij@aol.com,Female
Rosmunda,rsparkeik@t-online.de,Female
Antons,aeddollsil@over-blog.com,Male
Craig,cwhittallim@unblog.fr,Male
Shari,ssurmanwellsin@constantcontact.com,Female
Bat,bcasseldineio@noaa.gov,Male
Amalee,afalkusip@multiply.com,Female
Arvin,atixalliq@businessinsider.com,Male
Hardy,hberntssonir@google.nl,Male
Hanny,hbanbridgeis@twitter.com,Female
Meriel,mocahsedyit@devhub.com,Female
Evan,eredgewelliu@reuters.com,Male
Kincaid,keakeniv@bigcartel.com,Male
Yardley,yboxilliw@myspace.com,Male
Edmon,egrinstonix@answers.com,Male
Reinhard,rdowningiy@elegantthemes.com,Male
Hewet,hsuccamoreiz@amazonaws.com,Male
Dewitt,ddarwentj0@spiegel.de,Male
Fredrick,fsappsonj1@wunderground.com,Male
Wendeline,wruggej2@imdb.com,Female
Jeff,jandreazzij3@timesonline.co.uk,Male
Carroll,ckynstonj4@bizjournals.com,Female
Legra,lpeardej5@baidu.com,Female
Leilah,lohenehanj6@vkontakte.ru,Female
Yvon,ymoyj7@friendfeed.com,Male
Frances,ftullochj8@webs.com,Female
Violetta,vhigganj9@woothemes.com,Female
Claresta,cbailesja@cmu.edu,Female
Teresa,tkenrackjb@washington.edu,Female
Grannie,gstannahjc@berkeley.edu,Male
Richardo,rphilippoujd@yahoo.co.jp,Male
Rooney,rbiltonje@ifeng.com,Male
Herbert,hsellwoodjf@bandcamp.com,Male
Gayla,ggapperjg@bandcamp.com,Female
Judi,jcoardjh@go.com,Female
Hector,hjoburnji@booking.com,Male
Hamilton,hbarejj@miibeian.gov.cn,Male
Nahum,ngerbeljk@reverbnation.com,Male
Tasia,tklichejl@foxnews.com,Female
Hieronymus,hthoresbiejm@accuweather.com,Male
Tommie,tpiquardjn@tiny.cc,Male
Petronia,pbrimblecombjo@istockphoto.com,Female
Gloriana,gbamseyjp@google.pl,Female
Billi,bfeaviourjq@harvard.edu,Female
Ronny,rsurmeirjr@ebay.co.uk,Female
Nelson,nmehargjs@who.int,Male
Martha,mbarefootjt@wired.com,Female
Orton,odockerju@privacy.gov.au,Male
Tull,tcritchjv@toplist.cz,Male
Dene,dgamejw@tiny.cc,Male
Wit,wsandfordjx@accuweather.com,Male
Cliff,cvollamjy@baidu.com,Male
Merrilee,mketchelljz@simplemachines.org,Female
Betteann,bdanilink0@tamu.edu,Female
Pauly,pjardeink1@fastcompany.com,Female
Lynsey,lgoodek2@si.edu,Female
Caprice,ctorrek3@storify.com,Female
Earlie,egallagerk4@sciencedaily.com,Male
Kristos,kbellerk5@cam.ac.uk,Male
Lelah,lboornk6@time.com,Female
Sabra,shamberk7@tamu.edu,Female
Bamby,bbollenk8@nydailynews.com,Female
Diane,dbrattk9@uol.com.br,Female
Jasmine,jmuglestonka@telegraph.co.uk,Female
Duff,dtrawinkb@feedburner.com,Male
Hunter,hworkmankc@histats.com,Male
Skipp,sdigankd@xrea.com,Male
Ansel,aferke@cyberchimps.com,Male
Jaimie,jclassenkf@bandcamp.com,Male
Jacquelynn,jbardkg@cisco.com,Female
Doti,dwellardkh@nba.com,Female
Gordy,gbernadonki@51.la,Male
Tildie,tjuriskj@vimeo.com,Female
Colleen,cdalemankk@google.es,Female
Carrie,cmeddingskl@hexun.com,Female
Humberto,hdallossokm@github.io,Male
Kara-lynn,kilivekn@com.com,Female
Hailey,hdownseko@nifty.com,Male
Daveta,dmccoidkp@newsvine.com,Female
Hodge,hcordkq@g.co,Male
Peg,planglaiskr@timesonline.co.uk,Female
Alick,ascarsbrookeks@studiopress.com,Male
Feodor,ffigliovannikt@thetimes.co.uk,Male
Janel,jburchattku@boston.com,Female
Emmaline,esinkkv@yelp.com,Female
Farlie,fdumphrykw@yahoo.co.jp,Male
Borden,bmucillokx@liveinternet.ru,Male
Andromache,ahandlinky@springer.com,Female
Bobbette,bdumbartonkz@360.cn,Female
Horatia,hrawl0@bravesites.com,Female
Murvyn,mjouanotl1@economist.com,Male
Georgy,gpetersonl2@google.co.uk,Male
Dotty,dnorvillel3@cdbaby.com,Female
Jessika,jbarocl4@bbc.co.uk,Female
Donica,dgrumelll5@google.com,Female
Ethelbert,eharringl6@dropbox.com,Male
Bancroft,bburchalll7@technorati.com,Male
Harriot,hvakhrushevl8@unc.edu,Female
Kalindi,kpyrkel9@about.com,Female
Rupert,rtytlerla@howstuffworks.com,Male
Judith,jpololb@friendfeed.com,Female
Sid,swhistlecroftlc@archive.org,Male
Murvyn,mwelshld@google.it,Male
Rock,rweightmanle@nsw.gov.au,Male
Nev,njoirelf@weebly.com,Male
Mac,mschiroklg@t.co,Male
Wood,wakredlh@digg.com,Male
Sig,sbriggdaleli@blog.com,Male
Graig,ghumpherylj@godaddy.com,Male
Ally,anorburylk@abc.net.au,Female
Nikaniki,npackingtonll@hexun.com,Female
Christoph,crabblm@desdev.cn,Male
Erasmus,etrowillln@cyberchimps.com,Male
Byran,badolphinelo@plala.or.jp,Male
Marco,mwoloschinskilp@dell.com,Male
Rhody,rmannalq@is.gd,Female
Roanne,raspinlr@macromedia.com,Female
Christin,cspinkels@desdev.cn,Female
Krystyna,krandallt@miibeian.gov.cn,Female
Gipsy,gmcisaaclu@bbb.org,Female
Sosanna,syounghusbandlv@harvard.edu,Female
Ewen,elockittlw@bluehost.com,Male
Joane,jwenzellx@godaddy.com,Female
Parnell,pluigily@rakuten.co.jp,Male
Bathsheba,bbergetlz@umich.edu,Female
Fred,fedlingtonm0@trellian.com,Female
Huntlee,hegrem1@slate.com,Male
Karena,kgriswaitem2@umn.edu,Female
Donavon,davrahamoffm3@w3.org,Male
Ange,aglisanem4@google.co.jp,Male
Nappy,nbirtlesm5@ucoz.com,Male
Sanford,sbrymhamm6@shareasale.com,Male
Jordan,jsundinm7@topsy.com,Female
Lloyd,lbarehamm8@elegantthemes.com,Male
Ruggiero,rsargeauntm9@hostgator.com,Male
Shoshanna,skamenarma@cloudflare.com,Female
Hobie,hstredwickmb@ustream.tv,Male
Park,pconstanzamc@flickr.com,Male
Cher,cmilmoemd@livejournal.com,Female
Nalani,ncranfieldme@phpbb.com,Female
Jabez,jmcclunemf@squidoo.com,Male
Leonhard,lbestemg@kickstarter.com,Male
Marie,marneckemh@fda.gov,Female
Rochester,rhorchemi@comcast.net,Male
Murray,mbossonmj@shutterfly.com,Male
Mandel,mlindelofmk@upenn.edu,Male
Raddie,rchatburnml@zdnet.com,Male
Jemima,jmcastermm@google.cn,Female
Eirena,evignalmn@ucoz.ru,Female
Elberta,ewoolfmo@ifeng.com,Female
Elsie,emermanmp@mysql.com,Female
Shanie,sveschambesmq@ibm.com,Female
Casper,cthackhammr@technorati.com,Male
Batholomew,bbestarms@sohu.com,Male
Christal,cjessepmt@princeton.edu,Female
Rana,rbroxholmemu@eepurl.com,Female
Sybila,sboyanmv@nifty.com,Female
Carolin,ckiliusmw@narod.ru,Female
Casar,cguillemmx@slideshare.net,Male
Dudley,dbroscombemy@geocities.com,Male
Addie,apithcockmz@forbes.com,Female
Griffin,gginnellyn0@squarespace.com,Male
Merlina,mnetleyn1@xrea.com,Female
Louisa,lcrappern2@bluehost.com,Female
Nicko,ngreenroan3@hud.gov,Male
Toni,tstebbingn4@ucsd.edu,Female
Kaela,ksmalen5@behance.net,Female
Valle,vrickardn6@rediff.com,Male
Pavel,pspringlen7@wisc.edu,Male
Ariel,abolwelln8@nba.com,Female
Garrot,gloachheadn9@google.com,Male
Luci,lglisenanna@e-recht24.de,Female
Iseabal,istollmeyernb@reddit.com,Female
Arnie,acraufurdnc@liveinternet.ru,Male
Britta,bcubbinnd@prweb.com,Female
Olag,oissacne@statcounter.com,Male
Silvanus,sattwoolnf@shop-pro.jp,Male
Mozes,mpeckng@biblegateway.com,Male
Vergil,vfromantnh@mysql.com,Male
Petrina,palesni@zimbio.com,Female
Elinor,eharlernj@google.ru,Female
Hildagarde,hgranenk@chronoengine.com,Female
Corbin,ckobpanl@purevolume.com,Male
Winnie,wsimonynm@friendfeed.com,Female
Francois,fkenderdinenn@indiatimes.com,Male
Scarface,sarentsno@techcrunch.com,Male
Annalise,agiurionp@amazon.de,Female
Ingaborg,iarbucklenq@businesswire.com,Female
Amalea,acammiemilenr@stumbleupon.com,Female
Emmott,erussamns@amazon.co.uk,Male
Karoly,krichent@deviantart.com,Male
Anastassia,aescrittnu@adobe.com,Female
Alanah,adurrannv@usa.gov,Female
Irita,itowndrownw@pinterest.com,Female
Bink,bluchettinx@nature.com,Male
Hayward,hhrishanokny@prlog.org,Male
Sawyere,snestlenz@purevolume.com,Male
Ethelin,ecargeno0@deviantart.com,Female
Pierrette,pdockwrayo1@naver.com,Female
Reinold,rchazetteo2@about.me,Male
Bayard,btribello3@amazon.co.jp,Male
Artemis,aklagemano4@umn.edu,Male
Hinda,hhatherillo5@un.org,Female
Clary,cdonahueo6@army.mil,Female
Dannie,dleforto7@boston.com,Male
Arman,acurraoo8@yahoo.com,Male
Stella,srippero9@abc.net.au,Female
Piggy,ptoyneoa@goo.gl,Male
Shaughn,scusickob@phoca.cz,Male
Nola,nwebsdaleoc@mozilla.com,Female
Miltie,molliffod@ft.com,Male
Ruth,rdunderdaleoe@narod.ru,Female
Benyamin,bdugallof@vistaprint.com,Male
Cammy,cstreetfieldog@about.me,Female
Alaster,abauduinoh@unesco.org,Male
Delbert,ddevinnoi@phoca.cz,Male
Pearla,prosenblumoj@constantcontact.com,Female
Nicolea,nbeckittok@cisco.com,Female
Barnard,binstonol@vistaprint.com,Male
Genevieve,ggwytherom@t-online.de,Female
Vance,voranson@cloudflare.com,Male
Berta,bruffleroo@vinaora.com,Female
Udell,ubrayneop@homestead.com,Male
Major,mabbesoq@hatena.ne.jp,Male
Calida,csymonsor@reference.com,Female
Hewe,hlapworthos@hibu.com,Male
Tomlin,tmacuchadairot@behance.net,Male
Liva,lriltonou@cbsnews.com,Female
Bibbye,brawesov@arstechnica.com,Female
Audra,agummoryow@hp.com,Female
Gayler,gmeriottox@unicef.org,Male
Fawne,fduryoy@globo.com,Female
Dionisio,dheaslyoz@ocn.ne.jp,Male
Cash,catthowep0@surveymonkey.com,Male
Cassy,chaynep1@g.co,Female
Bunni,bbalaamp2@e-recht24.de,Female
Vite,vdunderdalep3@princeton.edu,Male
Kelcy,kscobiep4@dropbox.com,Female
Faustine,fchewterp5@usa.gov,Female
Antonio,amengop6@unesco.org,Male
Jefferson,jfowlsp7@sitemeter.com,Male
Gwenny,ggeraldinip8@creativecommons.org,Female
Wendell,wsurcombp9@howstuffworks.com,Male
Bernie,brichingspa@ocn.ne.jp,Female
Ciro,clukacspb@posterous.com,Male
Barrie,bbamburypc@businessinsider.com,Male
Lenci,ltanderpd@paginegialle.it,Male
Grazia,gmontezpe@fda.gov,Female
Dickie,dmcmylerpf@soundcloud.com,Male
Giselbert,gberzenpg@disqus.com,Male
Esteban,estockallph@yellowbook.com,Male
Kasper,kkingsnodpi@slate.com,Male
Rikki,rhutsbypj@ycombinator.com,Female
Maximo,mripperpk@phpbb.com,Male
Auberon,arecordspl@wisc.edu,Male
Arri,adalmanpm@spotify.com,Male
Travers,tjoinseypn@miibeian.gov.cn,Male
Myrle,mramseypo@seesaa.net,Female
Alys,acrambiepp@histats.com,Female
Rosetta,rpetkenpq@loc.gov,Female
Blisse,browatpr@hubpages.com,Female
Dixie,drigtsps@yelp.com,Female
Karolina,kzorerpt@slideshare.net,Female
Phillip,pficklingpu@histats.com,Male
Maison,mrentollpv@amazon.de,Male
Revkah,rredmanpw@columbia.edu,Female
Abe,acharlonpx@wsj.com,Male
Hyatt,hkinahanpy@accuweather.com,Male
Geoffry,gbartenpz@google.ca,Male
Fancy,fcodnerq0@techcrunch.com,Female
Ada,amcgiffieq1@paypal.com,Female
Henriette,hcharpinq2@examiner.com,Female
Brett,bbamletq3@dailymail.co.uk,Female
Adan,agumbq4@walmart.com,Female
Ida,imorandoq5@sina.com.cn,Female
Raffarty,rschermeq6@mapy.cz,Male
Forster,fliquorishq7@arizona.edu,Male
Fonz,fseillerq8@jiathis.com,Male
Doralia,dwhitlockq9@mit.edu,Female
Phylis,plesorqa@marketwatch.com,Female
Alyosha,asuartqb@scientificamerican.com,Male
James,jveldstraqc@reverbnation.com,Male
Mathe,mkohringqd@washington.edu,Male
Fiorenze,falnerqe@businesswire.com,Female
Claudie,cwolteringqf@archive.org,Female
Petronilla,pbrenstuhlqg@wikia.com,Female
Trudy,tswedeqh@github.com,Female
Butch,bkendleqi@chron.com,Male
Merrili,mboocockqj@tiny.cc,Female
Dar,dhinrichsenqk@digg.com,Male
Frederico,fgatherellql@globo.com,Male
Amabel,ayurocjkinqm@sbwire.com,Female
Mattheus,mcrowthqn@eepurl.com,Male
Raynard,rmacguiganqo@npr.org,Male
Helga,hszymanowskiqp@meetup.com,Female
Cully,cgreenheadqq@forbes.com,Male
Janean,jstreakqr@soup.io,Female
Husein,hbiermatowiczqs@dailymail.co.uk,Male
Candide,camorqt@ifeng.com,Female
Lu,ldsouzaqu@bandcamp.com,Female
Jacquelin,jsetterfieldqv@icio.us,Female
Barton,bburnhamsqw@weather.com,Male
Elmer,edevonsideqx@slate.com,Male
Fanchon,faitchesonqy@nature.com,Female
Lanie,lsorsbyqz@storify.com,Female
Ingeborg,idrewcliftonr0@ucoz.com,Female
Christos,csouthcoatr1@youtube.com,Male
Yvonne,ycolbeckr2@bbb.org,Female
Vergil,vstrappr3@ycombinator.com,Male
Myrtice,mrambler4@paginegialle.it,Female
Trish,tjouandetr5@gizmodo.com,Female
Jessie,jhousecraftr6@ucla.edu,Male
Hilly,hkellettr7@shareasale.com,Male
Augustine,afolkesr8@theatlantic.com,Female
Tilly,tdrustr9@aol.com,Female
Harriett,hdonatra@skype.com,Female
Frederica,ffindenrb@ustream.tv,Female
Ester,eminichillorc@hatena.ne.jp,Female
Francesco,fbennsrd@dot.gov,Male
Eleanore,ecrutcherre@chicagotribune.com,Female
Karie,krebbeckrf@who.int,Female
Amanda,ahlavecekrg@nbcnews.com,Female
Claudio,cwaumsleyrh@blogger.com,Male
Inga,idunbavinri@latimes.com,Female
Maggi,mcoldmanrj@blogger.com,Female
Mabelle,mabaterk@home.pl,Female
Gerek,gfomichyovrl@google.com.au,Male
Alison,atuohyrm@prlog.org,Female
Harwilll,hsenussirn@cisco.com,Male
Arel,amiddlero@blog.com,Male
Emalee,ekelkrp@forbes.com,Female
Thurston,tpetracchirq@goo.gl,Male
Merola,mdebeauchemprr@altervista.org,Female
